Timestamp,is_synced,Samplerate
1716825959999048,1,1024.030029296875
-2.025390625000000000e+00,-2.066894531250000000e+00,2.006835937500000000e-01
-2.396972656250000000e+00,-1.586425781250000000e+00,1.450195312500000000e-01
-2.806152343750000000e+00,-1.091796875000000000e+00,-1.899414062500000000e-01
-3.200195312500000000e+00,-7.036132812500000000e-01,-1.181640625000000000e-01
-3.455566406250000000e+00,-1.264648437500000000e-01,-2.416992187500000000e-01
-3.665527343750000000e+00,4.809570312500000000e-01,-8.447265625000000000e-02
-3.720214843750000000e+00,1.095214843750000000e+00,6.396484375000000000e-02
-3.789062500000000000e+00,1.702636718750000000e+00,7.519531250000000000e-02
-3.788574218750000000e+00,2.210937500000000000e+00,5.244140625000000000e-01
-3.649414062500000000e+00,2.805175781250000000e+00,4.458007812500000000e-01
-3.391601562500000000e+00,3.279296875000000000e+00,1.699218750000000000e-01
-3.152832031250000000e+00,3.683105468750000000e+00,-1.215820312500000000e-01
-2.870117187500000000e+00,4.101562500000000000e+00,1.416015625000000000e-02
-2.495117187500000000e+00,4.462402343750000000e+00,-1.416015625000000000e-02
-2.060546875000000000e+00,4.719726562500000000e+00,-2.148437500000000000e-01
-1.569335937500000000e+00,4.939453125000000000e+00,-6.152343750000000000e-02
-1.002929687500000000e+00,5.034179687500000000e+00,7.373046875000000000e-02
-5.229492187500000000e-01,5.013671875000000000e+00,2.128906250000000000e-01
2.880859375000000000e-02,4.889160156250000000e+00,-1.210937500000000000e-01
5.502929687500000000e-01,4.794921875000000000e+00,-4.589843750000000000e-02
1.115722656250000000e+00,4.636718750000000000e+00,-1.562500000000000000e-02
1.627441406250000000e+00,4.294433593750000000e+00,1.372070312500000000e-01
2.054687500000000000e+00,3.957031250000000000e+00,6.982421875000000000e-02
2.526855468750000000e+00,3.462890625000000000e+00,1.987304687500000000e-01
2.971191406250000000e+00,2.998046875000000000e+00,3.071289062500000000e-01
3.317871093750000000e+00,2.468261718750000000e+00,-8.154296875000000000e-02
3.543457031250000000e+00,1.935058593750000000e+00,-2.807617187500000000e-01
3.737304687500000000e+00,1.372070312500000000e+00,-1.630859375000000000e-01
3.734375000000000000e+00,7.646484375000000000e-01,2.084960937500000000e-01
3.801757812500000000e+00,1.738281250000000000e-01,1.933593750000000000e-01
3.764648437500000000e+00,-3.354492187500000000e-01,9.472656250000000000e-02
3.591796875000000000e+00,-9.609375000000000000e-01,8.154296875000000000e-02
3.381347656250000000e+00,-1.437011718750000000e+00,1.191406250000000000e-01
3.097656250000000000e+00,-1.881835937500000000e+00,-8.837890625000000000e-02
2.798339843750000000e+00,-2.309082031250000000e+00,-2.846679687500000000e-01
2.372558593750000000e+00,-2.625000000000000000e+00,-4.541015625000000000e-02
1.906738281250000000e+00,-2.897460937500000000e+00,8.691406250000000000e-02
1.302734375000000000e+00,-3.066894531250000000e+00,-6.933593750000000000e-02
8.281250000000000000e-01,-3.048339843750000000e+00,-2.172851562500000000e-01
2.817382812500000000e-01,-3.018066406250000000e+00,1.835937500000000000e-01
-2.900390625000000000e-01,-2.941894531250000000e+00,2.534179687500000000e-01
-8.354492187500000000e-01,-2.791992187500000000e+00,3.710937500000000000e-01
-1.338867187500000000e+00,-2.530273437500000000e+00,2.504882812500000000e-01
-1.882324218750000000e+00,-2.196289062500000000e+00,2.695312500000000000e-01
-2.332519531250000000e+00,-1.781250000000000000e+00,1.542968750000000000e-01
-2.695800781250000000e+00,-1.270507812500000000e+00,-3.574218750000000000e-01
-3.102539062500000000e+00,-8.325195312500000000e-01,-1.875000000000000000e-01
-3.385742187500000000e+00,-1.845703125000000000e-01,-7.666015625000000000e-02
-3.642089843750000000e+00,3.701171875000000000e-01,5.029296875000000000e-02
-3.768554687500000000e+00,8.627929687500000000e-01,-1.123046875000000000e-02
-3.823730468750000000e+00,1.516113281250000000e+00,-1.928710937500000000e-01
-3.754394531250000000e+00,2.106933593750000000e+00,2.299804687500000000e-01
-3.656738281250000000e+00,2.742187500000000000e+00,4.731445312500000000e-01
-3.483886718750000000e+00,3.155761718750000000e+00,5.493164062500000000e-01
-3.267089843750000000e+00,3.584472656250000000e+00,1.845703125000000000e-01
-2.953125000000000000e+00,4.053222656250000000e+00,2.197265625000000000e-02
-2.553222656250000000e+00,4.463378906250000000e+00,-1.440429687500000000e-01
-2.188476562500000000e+00,4.672363281250000000e+00,-3.852539062500000000e-01
-1.731933593750000000e+00,4.874511718750000000e+00,4.443359375000000000e-02
-1.153808593750000000e+00,5.046875000000000000e+00,3.906250000000000000e-02
-6.083984375000000000e-01,5.021972656250000000e+00,2.802734375000000000e-01
-8.935546875000000000e-02,4.912109375000000000e+00,4.248046875000000000e-02
4.663085937500000000e-01,4.850585937500000000e+00,-3.530273437500000000e-01
9.619140625000000000e-01,4.685058593750000000e+00,-1.323242187500000000e-01
1.520996093750000000e+00,4.488281250000000000e+00,0.000000000000000000e+00
2.000976562500000000e+00,4.117675781250000000e+00,2.768554687500000000e-01
2.401855468750000000e+00,3.604980468750000000e+00,3.452148437500000000e-01
2.849609375000000000e+00,3.079101562500000000e+00,4.082031250000000000e-01
3.241210937500000000e+00,2.561035156250000000e+00,-1.464843750000000000e-02
3.489746093750000000e+00,2.035156250000000000e+00,-3.837890625000000000e-01
3.734375000000000000e+00,1.465332031250000000e+00,-2.128906250000000000e-01
3.768554687500000000e+00,1.018066406250000000e+00,2.050781250000000000e-02
3.792968750000000000e+00,4.067382812500000000e-01,2.124023437500000000e-01
3.750976562500000000e+00,-2.124023437500000000e-01,3.564453125000000000e-01
3.606445312500000000e+00,-7.514648437500000000e-01,4.394531250000000000e-03
3.468261718750000000e+00,-1.386718750000000000e+00,2.343750000000000000e-02
3.174804687500000000e+00,-1.764160156250000000e+00,-6.982421875000000000e-02
2.881835937500000000e+00,-2.191894531250000000e+00,-1.845703125000000000e-01
2.463378906250000000e+00,-2.564941406250000000e+00,-4.296875000000000000e-02
2.020019531250000000e+00,-2.775878906250000000e+00,8.740234375000000000e-02
1.475097656250000000e+00,-2.978027343750000000e+00,1.987304687500000000e-01
9.321289062500000000e-01,-2.976074218750000000e+00,-2.841796875000000000e-01
4.389648437500000000e-01,-3.067382812500000000e+00,-6.835937500000000000e-03
-1.108398437500000000e-01,-2.983886718750000000e+00,2.094726562500000000e-01
-6.611328125000000000e-01,-2.816406250000000000e+00,2.768554687500000000e-01
-1.227539062500000000e+00,-2.641113281250000000e+00,5.478515625000000000e-01
-1.781250000000000000e+00,-2.263671875000000000e+00,1.796875000000000000e-01
-2.208496093750000000e+00,-1.906250000000000000e+00,1.088867187500000000e-01
-2.544433593750000000e+00,-1.333496093750000000e+00,-3.007812500000000000e-01
-2.985839843750000000e+00,-8.964843750000000000e-01,-1.240234375000000000e-01
-3.305664062500000000e+00,-3.554687500000000000e-01,-1.655273437500000000e-01
-3.583496093750000000e+00,2.050781250000000000e-01,-2.587890625000000000e-02
-3.708496093750000000e+00,7.666015625000000000e-01,2.758789062500000000e-01
-3.758300781250000000e+00,1.374023437500000000e+00,7.617187500000000000e-02
-3.745605468750000000e+00,1.961425781250000000e+00,3.955078125000000000e-02
-3.696289062500000000e+00,2.451171875000000000e+00,2.480468750000000000e-01
-3.546875000000000000e+00,3.048339843750000000e+00,3.588867187500000000e-01
-3.325683593750000000e+00,3.542968750000000000e+00,3.134765625000000000e-01
-3.072265625000000000e+00,3.922363281250000000e+00,-6.835937500000000000e-03
-2.685546875000000000e+00,4.307128906250000000e+00,-6.396484375000000000e-02
-2.271972656250000000e+00,4.649414062500000000e+00,-2.138671875000000000e-01
-1.848144531250000000e+00,4.850097656250000000e+00,1.459960937500000000e-01
-1.332031250000000000e+00,4.988281250000000000e+00,1.533203125000000000e-01
-7.509765625000000000e-01,5.020019531250000000e+00,1.352539062500000000e-01
-3.022460937500000000e-01,4.999511718750000000e+00,2.373046875000000000e-01
3.144531250000000000e-01,4.936035156250000000e+00,-2.055664062500000000e-01
8.110351562500000000e-01,4.751464843750000000e+00,-2.553710937500000000e-01
1.385742187500000000e+00,4.508300781250000000e+00,-2.602539062500000000e-01
1.835937500000000000e+00,4.121582031250000000e+00,4.360351562500000000e-01
2.267089843750000000e+00,3.843750000000000000e+00,3.398437500000000000e-01
2.725585937500000000e+00,3.282226562500000000e+00,1.791992187500000000e-01
3.159667968750000000e+00,2.700195312500000000e+00,-3.564453125000000000e-02
3.438476562500000000e+00,2.213867187500000000e+00,-2.260742187500000000e-01
3.674804687500000000e+00,1.658203125000000000e+00,-8.837890625000000000e-02
3.752929687500000000e+00,1.160644531250000000e+00,6.103515625000000000e-02
3.735839843750000000e+00,5.795898437500000000e-01,4.560546875000000000e-01
3.808593750000000000e+00,6.201171875000000000e-02,3.769531250000000000e-01
3.680664062500000000e+00,-5.654296875000000000e-01,1.972656250000000000e-01
3.554199218750000000e+00,-1.284667968750000000e+00,-2.919921875000000000e-01
3.233886718750000000e+00,-1.734863281250000000e+00,-3.750000000000000000e-01
2.970214843750000000e+00,-2.046386718750000000e+00,-1.660156250000000000e-01
2.581054687500000000e+00,-2.411132812500000000e+00,1.328125000000000000e-01
2.164550781250000000e+00,-2.704101562500000000e+00,6.542968750000000000e-02
1.678222656250000000e+00,-2.929199218750000000e+00,-4.003906250000000000e-02
1.099121093750000000e+00,-3.017578125000000000e+00,1.464843750000000000e-03
6.313476562500000000e-01,-3.055175781250000000e+00,2.148437500000000000e-02
4.882812500000000000e-04,-3.016113281250000000e+00,3.334960937500000000e-01
-5.585937500000000000e-01,-2.874511718750000000e+00,3.486328125000000000e-01
-1.118164062500000000e+00,-2.646484375000000000e+00,5.654296875000000000e-01
-1.555175781250000000e+00,-2.352539062500000000e+00,1.108398437500000000e-01
-2.094238281250000000e+00,-2.115722656250000000e+00,-1.113281250000000000e-01
-2.427734375000000000e+00,-1.558105468750000000e+00,-4.291992187500000000e-01
-2.896972656250000000e+00,-1.025390625000000000e+00,-9.814453125000000000e-02
-3.253417968750000000e+00,-5.288085937500000000e-01,2.431640625000000000e-01
-3.512207031250000000e+00,8.544921875000000000e-02,-3.808593750000000000e-02
-3.678222656250000000e+00,6.152343750000000000e-01,-5.859375000000000000e-03
-3.795410156250000000e+00,1.198242187500000000e+00,5.615234375000000000e-02
-3.806640625000000000e+00,1.789062500000000000e+00,1.669921875000000000e-01
-3.754882812500000000e+00,2.333496093750000000e+00,2.509765625000000000e-01
-3.618652343750000000e+00,2.947265625000000000e+00,4.892578125000000000e-01
-3.340332031250000000e+00,3.452636718750000000e+00,4.399414062500000000e-01
-3.136230468750000000e+00,3.823730468750000000e+00,-6.835937500000000000e-02
-2.733398437500000000e+00,4.212402343750000000e+00,-4.282226562500000000e-01
-2.410156250000000000e+00,4.561523437500000000e+00,-3.261718750000000000e-01
-2.005371093750000000e+00,4.813476562500000000e+00,1.772460937500000000e-01
-1.473632812500000000e+00,5.044921875000000000e+00,4.531250000000000000e-01
-8.974609375000000000e-01,5.029296875000000000e+00,3.461914062500000000e-01
-4.038085937500000000e-01,4.992187500000000000e+00,1.562500000000000000e-01
2.358398437500000000e-01,4.961914062500000000e+00,-2.314453125000000000e-01
6.953125000000000000e-01,4.803222656250000000e+00,-3.090820312500000000e-01
1.172363281250000000e+00,4.530273437500000000e+00,-2.524414062500000000e-01
1.780761718750000000e+00,4.305175781250000000e+00,6.152343750000000000e-02
2.190429687500000000e+00,3.907226562500000000e+00,5.488281250000000000e-01
2.650878906250000000e+00,3.441894531250000000e+00,7.568359375000000000e-02
3.089843750000000000e+00,2.788574218750000000e+00,-1.948242187500000000e-01
3.349121093750000000e+00,2.279296875000000000e+00,-2.656250000000000000e-01
3.581054687500000000e+00,1.788574218750000000e+00,7.763671875000000000e-02
3.785644531250000000e+00,1.338867187500000000e+00,3.588867187500000000e-01
3.724121093750000000e+00,8.164062500000000000e-01,4.028320312500000000e-01
3.791503906250000000e+00,1.030273437500000000e-01,4.252929687500000000e-01
3.707519531250000000e+00,-4.130859375000000000e-01,2.041015625000000000e-01
3.562011718750000000e+00,-1.109375000000000000e+00,-2.578125000000000000e-01
3.359375000000000000e+00,-1.692382812500000000e+00,-3.652343750000000000e-01
3.042968750000000000e+00,-1.959472656250000000e+00,-3.842773437500000000e-01
2.709960937500000000e+00,-2.375000000000000000e+00,2.636718750000000000e-02
2.233886718750000000e+00,-2.645507812500000000e+00,1.059570312500000000e-01
1.781250000000000000e+00,-2.850097656250000000e+00,1.611328125000000000e-02
1.224609375000000000e+00,-2.996093750000000000e+00,-7.763671875000000000e-02
6.904296875000000000e-01,-2.967285156250000000e+00,-2.734375000000000000e-02
1.372070312500000000e-01,-3.062988281250000000e+00,6.831054687500000000e-01
-4.125976562500000000e-01,-2.925781250000000000e+00,5.195312500000000000e-01
-9.409179687500000000e-01,-2.753417968750000000e+00,3.471679687500000000e-01
-1.405273437500000000e+00,-2.494140625000000000e+00,1.708984375000000000e-02
-1.987792968750000000e+00,-2.124023437500000000e+00,-2.734375000000000000e-01
-2.363769531250000000e+00,-1.687011718750000000e+00,-2.426757812500000000e-01
-2.776855468750000000e+00,-1.126464843750000000e+00,-2.075195312500000000e-01
-3.164550781250000000e+00,-6.791992187500000000e-01,1.464843750000000000e-01
-3.430175781250000000e+00,-6.738281250000000000e-02,-3.613281250000000000e-02
-3.665039062500000000e+00,4.750976562500000000e-01,2.783203125000000000e-02
-3.743652343750000000e+00,1.025878906250000000e+00,1.074218750000000000e-01
-3.788574218750000000e+00,1.644531250000000000e+00,2.231445312500000000e-01
-3.742675781250000000e+00,2.229003906250000000e+00,4.243164062500000000e-01
-3.629394531250000000e+00,2.766113281250000000e+00,3.666992187500000000e-01
-3.401855468750000000e+00,3.275878906250000000e+00,2.470703125000000000e-01
-3.212402343750000000e+00,3.688964843750000000e+00,-2.929687500000000000e-02
-2.836914062500000000e+00,4.074218750000000000e+00,-4.301757812500000000e-01
-2.487304687500000000e+00,4.398437500000000000e+00,-3.486328125000000000e-01
-2.092285156250000000e+00,4.738281250000000000e+00,1.162109375000000000e-01
-1.634765625000000000e+00,5.000000000000000000e+00,3.681640625000000000e-01
-1.052734375000000000e+00,4.999511718750000000e+00,2.451171875000000000e-01
-5.117187500000000000e-01,5.006835937500000000e+00,1.938476562500000000e-01
3.906250000000000000e-02,4.943359375000000000e+00,-9.326171875000000000e-02
5.146484375000000000e-01,4.786621093750000000e+00,-4.345703125000000000e-02
1.055664062500000000e+00,4.646484375000000000e+00,-1.308593750000000000e-01
1.602539062500000000e+00,4.326171875000000000e+00,1.196289062500000000e-01
2.005371093750000000e+00,3.946777343750000000e+00,3.510742187500000000e-01
2.514160156250000000e+00,3.545410156250000000e+00,-1.123046875000000000e-01
2.935546875000000000e+00,2.954101562500000000e+00,-2.426757812500000000e-01
3.288574218750000000e+00,2.503906250000000000e+00,-3.149414062500000000e-01
3.542968750000000000e+00,2.017578125000000000e+00,-2.880859375000000000e-02
3.718261718750000000e+00,1.421386718750000000e+00,2.153320312500000000e-01
3.684570312500000000e+00,8.945312500000000000e-01,5.019531250000000000e-01
3.796875000000000000e+00,2.617187500000000000e-01,3.232421875000000000e-01
3.754394531250000000e+00,-2.856445312500000000e-01,3.530273437500000000e-01
3.589355468750000000e+00,-8.364257812500000000e-01,-5.273437500000000000e-02
3.448242187500000000e+00,-1.501953125000000000e+00,-8.593750000000000000e-02
3.062988281250000000e+00,-1.838378906250000000e+00,-1.938476562500000000e-01
2.811523437500000000e+00,-2.284667968750000000e+00,-4.541015625000000000e-02
2.409179687500000000e+00,-2.594238281250000000e+00,-1.376953125000000000e-01
1.938964843750000000e+00,-2.804687500000000000e+00,-4.106445312500000000e-01
1.441894531250000000e+00,-3.000976562500000000e+00,-2.119140625000000000e-01
8.657226562500000000e-01,-2.961914062500000000e+00,-4.248046875000000000e-02
2.973632812500000000e-01,-3.070312500000000000e+00,5.488281250000000000e-01
-1.967773437500000000e-01,-2.989257812500000000e+00,5.053710937500000000e-01
-8.745117187500000000e-01,-2.812988281250000000e+00,5.800781250000000000e-01
-1.280273437500000000e+00,-2.563476562500000000e+00,2.714843750000000000e-01
-1.828125000000000000e+00,-2.167968750000000000e+00,-1.855468750000000000e-02
-2.251953125000000000e+00,-1.873046875000000000e+00,-4.785156250000000000e-02
-2.618164062500000000e+00,-1.325683593750000000e+00,-3.505859375000000000e-01
-3.068359375000000000e+00,-8.378906250000000000e-01,-1.259765625000000000e-01
-3.359863281250000000e+00,-3.642578125000000000e-01,9.326171875000000000e-02
-3.574707031250000000e+00,3.056640625000000000e-01,-3.818359375000000000e-01
-3.690917968750000000e+00,7.998046875000000000e-01,-2.500000000000000000e-01
-3.836914062500000000e+00,1.449218750000000000e+00,1.669921875000000000e-01
-3.784179687500000000e+00,2.071777343750000000e+00,4.570312500000000000e-01
-3.773437500000000000e+00,2.565429687500000000e+00,8.706054687500000000e-01
-3.507324218750000000e+00,3.190429687500000000e+00,4.853515625000000000e-01
-3.249023437500000000e+00,3.587402343750000000e+00,2.832031250000000000e-01
-2.958984375000000000e+00,3.934570312500000000e+00,-4.291992187500000000e-01
-2.604980468750000000e+00,4.267578125000000000e+00,-4.916992187500000000e-01
-2.213378906250000000e+00,4.606445312500000000e+00,-3.696289062500000000e-01
-1.818847656250000000e+00,4.909667968750000000e+00,9.472656250000000000e-02
-1.261718750000000000e+00,5.056640625000000000e+00,3.354492187500000000e-01
-7.006835937500000000e-01,5.052246093750000000e+00,1.538085937500000000e-01
-1.694335937500000000e-01,4.979980468750000000e+00,9.912109375000000000e-02
4.570312500000000000e-01,4.870605468750000000e+00,-2.011718750000000000e-01
8.354492187500000000e-01,4.684570312500000000e+00,1.767578125000000000e-01
1.453125000000000000e+00,4.440429687500000000e+00,-5.859375000000000000e-03
1.909667968750000000e+00,4.022460937500000000e+00,3.876953125000000000e-01
2.368164062500000000e+00,3.692871093750000000e+00,1.655273437500000000e-01
2.848632812500000000e+00,3.141601562500000000e+00,-2.387695312500000000e-01
3.252441406250000000e+00,2.608398437500000000e+00,-4.794921875000000000e-01
3.450683593750000000e+00,2.089843750000000000e+00,-2.968750000000000000e-01
3.678222656250000000e+00,1.599121093750000000e+00,2.587890625000000000e-02
3.751953125000000000e+00,1.040039062500000000e+00,3.725585937500000000e-01
3.745117187500000000e+00,4.770507812500000000e-01,3.706054687500000000e-01
3.813964843750000000e+00,-2.016601562500000000e-01,2.333984375000000000e-01
3.607910156250000000e+00,-7.143554687500000000e-01,2.587890625000000000e-01
3.559570312500000000e+00,-1.288574218750000000e+00,-1.596679687500000000e-01
3.180175781250000000e+00,-1.793457031250000000e+00,7.128906250000000000e-02
2.909667968750000000e+00,-2.110351562500000000e+00,-7.470703125000000000e-02
2.534667968750000000e+00,-2.528320312500000000e+00,8.007812500000000000e-02
2.090820312500000000e+00,-2.785644531250000000e+00,-4.526367187500000000e-01
1.538574218750000000e+00,-3.067382812500000000e+00,-4.809570312500000000e-01
1.002441406250000000e+00,-3.038574218750000000e+00,-1.616210937500000000e-01
4.736328125000000000e-01,-3.027832031250000000e+00,1.591796875000000000e-01
-1.171875000000000000e-01,-3.017578125000000000e+00,5.717773437500000000e-01
-6.010742187500000000e-01,-2.834960937500000000e+00,4.687500000000000000e-01
-1.195312500000000000e+00,-2.670410156250000000e+00,5.166015625000000000e-01
-1.670410156250000000e+00,-2.369140625000000000e+00,1.879882812500000000e-01
-2.190917968750000000e+00,-1.929199218750000000e+00,-1.694335937500000000e-01
-2.573730468750000000e+00,-1.467773437500000000e+00,-3.647460937500000000e-01
-2.973632812500000000e+00,-8.896484375000000000e-01,-6.835937500000000000e-03
-3.250976562500000000e+00,-4.423828125000000000e-01,1.884765625000000000e-01
-3.550292968750000000e+00,1.806640625000000000e-02,-1.767578125000000000e-01
-3.641113281250000000e+00,6.640625000000000000e-01,-3.964843750000000000e-01
-3.766113281250000000e+00,1.308105468750000000e+00,-8.398437500000000000e-02
-3.862792968750000000e+00,1.889648437500000000e+00,2.006835937500000000e-01
-3.747558593750000000e+00,2.473144531250000000e+00,4.121093750000000000e-01
-3.600585937500000000e+00,2.968750000000000000e+00,7.294921875000000000e-01
-3.322753906250000000e+00,3.501464843750000000e+00,4.995117187500000000e-01
-3.039062500000000000e+00,3.860351562500000000e+00,5.224609375000000000e-02
-2.690429687500000000e+00,4.166503906250000000e+00,-3.159179687500000000e-01
-2.309570312500000000e+00,4.521484375000000000e+00,-4.643554687500000000e-01
-1.836425781250000000e+00,4.818847656250000000e+00,-1.884765625000000000e-01
-1.452636718750000000e+00,4.974121093750000000e+00,1.494140625000000000e-01
-8.286132812500000000e-01,5.046875000000000000e+00,-4.003906250000000000e-02
-3.056640625000000000e-01,4.962402343750000000e+00,-2.392578125000000000e-02
2.202148437500000000e-01,4.866699218750000000e+00,-2.587890625000000000e-02
8.110351562500000000e-01,4.738281250000000000e+00,9.179687500000000000e-02
1.321777343750000000e+00,4.505371093750000000e+00,-3.955078125000000000e-02
1.784179687500000000e+00,4.145507812500000000e+00,1.767578125000000000e-01
2.255859375000000000e+00,3.804687500000000000e+00,4.643554687500000000e-01
2.665527343750000000e+00,3.324218750000000000e+00,2.348632812500000000e-01
3.067382812500000000e+00,2.760253906250000000e+00,-1.445312500000000000e-01
3.422363281250000000e+00,2.295410156250000000e+00,-4.443359375000000000e-01
3.583496093750000000e+00,1.677246093750000000e+00,-6.640625000000000000e-02
3.745605468750000000e+00,1.132324218750000000e+00,3.857421875000000000e-02
3.770507812500000000e+00,5.742187500000000000e-01,3.125000000000000000e-02
3.810546875000000000e+00,-5.810546875000000000e-02,3.759765625000000000e-02
3.682128906250000000e+00,-5.473632812500000000e-01,2.265625000000000000e-01
3.526855468750000000e+00,-1.062988281250000000e+00,1.264648437500000000e-01
3.242187500000000000e+00,-1.642089843750000000e+00,5.566406250000000000e-02
3.002441406250000000e+00,-1.961425781250000000e+00,-9.912109375000000000e-02
2.649414062500000000e+00,-2.368164062500000000e+00,2.407226562500000000e-01
2.187500000000000000e+00,-2.676269531250000000e+00,-1.123046875000000000e-02
1.748046875000000000e+00,-3.022949218750000000e+00,-3.334960937500000000e-01
1.135253906250000000e+00,-3.092285156250000000e+00,-1.904296875000000000e-01
6.445312500000000000e-01,-2.969238281250000000e+00,5.957031250000000000e-02
9.521484375000000000e-02,-2.994140625000000000e+00,2.583007812500000000e-01
-4.912109375000000000e-01,-2.930664062500000000e+00,4.882812500000000000e-02
-1.015625000000000000e+00,-2.718750000000000000e+00,3.520507812500000000e-01
-1.473632812500000000e+00,-2.350097656250000000e+00,2.739257812500000000e-01
-2.057128906250000000e+00,-2.092773437500000000e+00,2.534179687500000000e-01
-2.441894531250000000e+00,-1.684082031250000000e+00,-1.181640625000000000e-01
-2.846679687500000000e+00,-1.094238281250000000e+00,-1.738281250000000000e-01
-3.170898437500000000e+00,-5.488281250000000000e-01,1.669921875000000000e-01
-3.459960937500000000e+00,-7.568359375000000000e-02,-4.150390625000000000e-02
-3.679199218750000000e+00,4.765625000000000000e-01,-3.183593750000000000e-01
-3.763671875000000000e+00,1.067871093750000000e+00,-2.436523437500000000e-01
-3.772460937500000000e+00,1.766113281250000000e+00,2.153320312500000000e-01
-3.722167968750000000e+00,2.270019531250000000e+00,4.687500000000000000e-01
-3.644042968750000000e+00,2.785156250000000000e+00,2.377929687500000000e-01
-3.407226562500000000e+00,3.284667968750000000e+00,4.331054687500000000e-01
-3.170898437500000000e+00,3.829589843750000000e+00,4.189453125000000000e-01
-2.850097656250000000e+00,4.117675781250000000e+00,-6.250000000000000000e-02
-2.481445312500000000e+00,4.444824218750000000e+00,-5.502929687500000000e-01
-2.025390625000000000e+00,4.729003906250000000e+00,-2.231445312500000000e-01
-1.525878906250000000e+00,4.983398437500000000e+00,2.797851562500000000e-01
-1.008300781250000000e+00,5.046875000000000000e+00,8.007812500000000000e-02
-4.780273437500000000e-01,4.939453125000000000e+00,-4.492187500000000000e-02
7.324218750000000000e-02,4.933593750000000000e+00,-1.542968750000000000e-01
5.805664062500000000e-01,4.796875000000000000e+00,8.105468750000000000e-02
1.103515625000000000e+00,4.623046875000000000e+00,2.539062500000000000e-02
1.666015625000000000e+00,4.363281250000000000e+00,-1.674804687500000000e-01
2.100585937500000000e+00,3.913085937500000000e+00,3.300781250000000000e-01
2.560058593750000000e+00,3.514160156250000000e+00,5.117187500000000000e-01
2.955078125000000000e+00,2.940917968750000000e+00,2.138671875000000000e-01
3.336914062500000000e+00,2.389648437500000000e+00,-3.671875000000000000e-01
3.534667968750000000e+00,1.916015625000000000e+00,-2.622070312500000000e-01
3.769531250000000000e+00,1.356933593750000000e+00,-1.186523437500000000e-01
3.755859375000000000e+00,7.900390625000000000e-01,1.572265625000000000e-01
3.807617187500000000e+00,2.060546875000000000e-01,8.300781250000000000e-02
3.731933593750000000e+00,-4.169921875000000000e-01,3.344726562500000000e-01
3.543945312500000000e+00,-8.413085937500000000e-01,2.714843750000000000e-01
3.446289062500000000e+00,-1.478027343750000000e+00,5.029296875000000000e-02
3.064453125000000000e+00,-1.967773437500000000e+00,-2.041015625000000000e-01
2.788085937500000000e+00,-2.289062500000000000e+00,-2.475585937500000000e-01
2.355957031250000000e+00,-2.627441406250000000e+00,6.201171875000000000e-02
1.886230468750000000e+00,-2.868652343750000000e+00,-5.371093750000000000e-02
1.301269531250000000e+00,-3.083496093750000000e+00,-1.005859375000000000e-01
8.071289062500000000e-01,-3.078125000000000000e+00,-1.284179687500000000e-01
2.500000000000000000e-01,-2.984375000000000000e+00,3.857421875000000000e-02
-2.275390625000000000e-01,-2.966796875000000000e+00,4.101562500000000000e-01
-8.647460937500000000e-01,-2.741699218750000000e+00,2.080078125000000000e-01
-1.430664062500000000e+00,-2.573242187500000000e+00,4.985351562500000000e-01
-1.869628906250000000e+00,-2.094726562500000000e+00,3.881835937500000000e-01
-2.361816406250000000e+00,-1.766113281250000000e+00,-2.636718750000000000e-02
-2.716796875000000000e+00,-1.333007812500000000e+00,-4.067382812500000000e-01
-3.101074218750000000e+00,-7.250976562500000000e-01,-3.139648437500000000e-01
-3.371582031250000000e+00,-1.928710937500000000e-01,6.298828125000000000e-02
-3.675292968750000000e+00,3.554687500000000000e-01,1.513671875000000000e-02
-3.708496093750000000e+00,9.702148437500000000e-01,-1.191406250000000000e-01
-3.853515625000000000e+00,1.561035156250000000e+00,2.177734375000000000e-01
-3.747070312500000000e+00,2.210449218750000000e+00,2.817382812500000000e-01
-3.653320312500000000e+00,2.628906250000000000e+00,3.046875000000000000e-01
-3.511718750000000000e+00,3.110351562500000000e+00,1.406250000000000000e-01
-3.214843750000000000e+00,3.711425781250000000e+00,3.041992187500000000e-01
-2.933105468750000000e+00,4.115234375000000000e+00,2.915039062500000000e-01
-2.604492187500000000e+00,4.421386718750000000e+00,-2.314453125000000000e-01
-2.118164062500000000e+00,4.692871093750000000e+00,-3.588867187500000000e-01
-1.636718750000000000e+00,4.990234375000000000e+00,6.201171875000000000e-02
-1.186035156250000000e+00,5.031738281250000000e+00,3.671875000000000000e-01
-5.483398437500000000e-01,5.009277343750000000e+00,-1.074218750000000000e-02
-1.215820312500000000e-01,4.920410156250000000e+00,-1.308593750000000000e-01
5.224609375000000000e-01,4.882812500000000000e+00,-1.816406250000000000e-01
9.970703125000000000e-01,4.664062500000000000e+00,1.884765625000000000e-01
1.529785156250000000e+00,4.429687500000000000e+00,-4.394531250000000000e-02
2.000488281250000000e+00,4.037109375000000000e+00,5.371093750000000000e-03
2.471191406250000000e+00,3.634277343750000000e+00,3.222656250000000000e-01
2.854980468750000000e+00,3.101562500000000000e+00,3.129882812500000000e-01
3.277343750000000000e+00,2.512207031250000000e+00,-2.114257812500000000e-01
3.494140625000000000e+00,1.932617187500000000e+00,-1.933593750000000000e-01
3.705566406250000000e+00,1.480468750000000000e+00,-6.689453125000000000e-02
3.836914062500000000e+00,1.009765625000000000e+00,7.958984375000000000e-02
3.744140625000000000e+00,3.920898437500000000e-01,2.441406250000000000e-01
3.785644531250000000e+00,-2.597656250000000000e-01,3.925781250000000000e-01
3.579589843750000000e+00,-7.099609375000000000e-01,3.129882812500000000e-01
3.488281250000000000e+00,-1.310546875000000000e+00,-1.108398437500000000e-01
3.169433593750000000e+00,-1.933593750000000000e+00,-1.699218750000000000e-01
2.854492187500000000e+00,-2.244140625000000000e+00,-4.980468750000000000e-01
2.436523437500000000e+00,-2.620605468750000000e+00,1.191406250000000000e-01
2.022460937500000000e+00,-2.682128906250000000e+00,-9.667968750000000000e-02
1.482421875000000000e+00,-2.994140625000000000e+00,-3.564453125000000000e-02
8.618164062500000000e-01,-3.039062500000000000e+00,1.059570312500000000e-01
3.984375000000000000e-01,-2.929687500000000000e+00,2.441406250000000000e-01
-1.308593750000000000e-01,-2.987792968750000000e+00,4.047851562500000000e-01
-7.031250000000000000e-01,-2.831542968750000000e+00,3.906250000000000000e-03
-1.275390625000000000e+00,-2.659667968750000000e+00,3.452148437500000000e-01
-1.733886718750000000e+00,-2.235351562500000000e+00,2.485351562500000000e-01
-2.266113281250000000e+00,-1.844238281250000000e+00,2.885742187500000000e-01
-2.548339843750000000e+00,-1.367187500000000000e+00,-2.060546875000000000e-01
-3.024414062500000000e+00,-8.520507812500000000e-01,-4.453125000000000000e-01
-3.314453125000000000e+00,-3.276367187500000000e-01,-7.421875000000000000e-02
-3.558593750000000000e+00,2.465820312500000000e-01,-8.251953125000000000e-02
-3.730468750000000000e+00,7.636718750000000000e-01,2.783203125000000000e-02
-3.766113281250000000e+00,1.387695312500000000e+00,1.586914062500000000e-01
-3.768554687500000000e+00,2.036132812500000000e+00,3.906250000000000000e-01
-3.686035156250000000e+00,2.536621093750000000e+00,4.707031250000000000e-01
-3.539550781250000000e+00,3.040527343750000000e+00,9.765625000000000000e-03
-3.272949218750000000e+00,3.517089843750000000e+00,1.977539062500000000e-01
-3.043945312500000000e+00,4.012207031250000000e+00,2.236328125000000000e-01
-2.652832031250000000e+00,4.333984375000000000e+00,-1.665039062500000000e-01
-2.303710937500000000e+00,4.625000000000000000e+00,-2.250976562500000000e-01
-1.777343750000000000e+00,4.890136718750000000e+00,5.175781250000000000e-02
-1.309570312500000000e+00,4.992675781250000000e+00,5.092773437500000000e-01
-7.460937500000000000e-01,4.999511718750000000e+00,-6.494140625000000000e-02
-2.426757812500000000e-01,4.955566406250000000e+00,6.591796875000000000e-02
3.330078125000000000e-01,5.017578125000000000e+00,-1.503906250000000000e-01
8.344726562500000000e-01,4.750488281250000000e+00,-3.808593750000000000e-02
1.387207031250000000e+00,4.508300781250000000e+00,-7.763671875000000000e-02
1.922363281250000000e+00,4.164550781250000000e+00,-1.132812500000000000e-01
2.303222656250000000e+00,3.713378906250000000e+00,4.794921875000000000e-01
2.792968750000000000e+00,3.328125000000000000e+00,2.021484375000000000e-01
3.128906250000000000e+00,2.707031250000000000e+00,6.494140625000000000e-02
3.436035156250000000e+00,2.192382812500000000e+00,-1.289062500000000000e-01
3.604492187500000000e+00,1.596191406250000000e+00,1.215820312500000000e-01
3.791503906250000000e+00,1.058593750000000000e+00,1.230468750000000000e-01
3.761718750000000000e+00,6.308593750000000000e-01,-2.294921875000000000e-02
3.830566406250000000e+00,-7.177734375000000000e-02,2.255859375000000000e-01
3.648437500000000000e+00,-5.800781250000000000e-01,2.763671875000000000e-01
3.482910156250000000e+00,-1.168945312500000000e+00,9.277343750000000000e-03
3.336914062500000000e+00,-1.777343750000000000e+00,-2.255859375000000000e-01
2.909179687500000000e+00,-2.133300781250000000e+00,-4.848632812500000000e-01
2.600585937500000000e+00,-2.521484375000000000e+00,-2.929687500000000000e-03
2.089843750000000000e+00,-2.677246093750000000e+00,2.119140625000000000e-01
1.640625000000000000e+00,-2.902343750000000000e+00,-5.859375000000000000e-03
1.092285156250000000e+00,-3.021484375000000000e+00,8.593750000000000000e-02
5.678710937500000000e-01,-2.920410156250000000e+00,6.201171875000000000e-02
-1.074218750000000000e-02,-3.086425781250000000e+00,6.767578125000000000e-01
-5.190429687500000000e-01,-2.857421875000000000e+00,1.616210937500000000e-01
-1.137695312500000000e+00,-2.698730468750000000e+00,-1.904296875000000000e-02
-1.601074218750000000e+00,-2.414550781250000000e+00,2.641601562500000000e-01
-2.095703125000000000e+00,-1.896484375000000000e+00,-1.118164062500000000e-01
-2.526855468750000000e+00,-1.644531250000000000e+00,-6.005859375000000000e-02
-2.893066406250000000e+00,-1.008789062500000000e+00,-2.905273437500000000e-01
-3.221679687500000000e+00,-4.194335937500000000e-01,9.521484375000000000e-02
-3.523925781250000000e+00,7.617187500000000000e-02,2.075195312500000000e-01
-3.746582031250000000e+00,6.284179687500000000e-01,-3.466796875000000000e-02
-3.733886718750000000e+00,1.164550781250000000e+00,2.832031250000000000e-02
-3.840820312500000000e+00,1.877929687500000000e+00,2.285156250000000000e-01
-3.701171875000000000e+00,2.449218750000000000e+00,4.770507812500000000e-01
-3.632812500000000000e+00,2.835937500000000000e+00,2.456054687500000000e-01
-3.381835937500000000e+00,3.426757812500000000e+00,-4.345703125000000000e-02
-3.068359375000000000e+00,3.897949218750000000e+00,2.006835937500000000e-01
-2.765625000000000000e+00,4.245117187500000000e+00,-1.279296875000000000e-01
-2.406738281250000000e+00,4.531250000000000000e+00,-2.578125000000000000e-01
-1.898925781250000000e+00,4.858886718750000000e+00,-1.665039062500000000e-01
-1.482421875000000000e+00,5.036132812500000000e+00,5.488281250000000000e-01
-8.715820312500000000e-01,5.006347656250000000e+00,3.813476562500000000e-01
-3.530273437500000000e-01,4.965332031250000000e+00,-6.103515625000000000e-02
1.806640625000000000e-01,4.916015625000000000e+00,-1.596679687500000000e-01
7.690429687500000000e-01,4.850585937500000000e+00,-1.435546875000000000e-01
1.219726562500000000e+00,4.564453125000000000e+00,7.617187500000000000e-02
1.775390625000000000e+00,4.224609375000000000e+00,-1.108398437500000000e-01
2.237304687500000000e+00,3.768066406250000000e+00,9.375000000000000000e-02
2.698242187500000000e+00,3.385253906250000000e+00,-2.294921875000000000e-02
3.056640625000000000e+00,2.868652343750000000e+00,-5.078125000000000000e-02
3.416503906250000000e+00,2.282226562500000000e+00,-1.323242187500000000e-01
3.546386718750000000e+00,1.792968750000000000e+00,2.109375000000000000e-01
3.723144531250000000e+00,1.238281250000000000e+00,4.399414062500000000e-01
3.764160156250000000e+00,7.241210937500000000e-01,4.038085937500000000e-01
3.798828125000000000e+00,8.642578125000000000e-02,8.544921875000000000e-02
3.782714843750000000e+00,-5.146484375000000000e-01,-4.052734375000000000e-02
3.524414062500000000e+00,-1.014648437500000000e+00,7.763671875000000000e-02
3.349121093750000000e+00,-1.591796875000000000e+00,-1.772460937500000000e-01
2.987304687500000000e+00,-2.143066406250000000e+00,-1.479492187500000000e-01
2.663085937500000000e+00,-2.429687500000000000e+00,-3.666992187500000000e-01
2.210449218750000000e+00,-2.731933593750000000e+00,-6.250000000000000000e-02
1.786621093750000000e+00,-2.814941406250000000e+00,-7.812500000000000000e-02
1.159179687500000000e+00,-2.976074218750000000e+00,1.660156250000000000e-02
6.582031250000000000e-01,-3.004882812500000000e+00,4.082031250000000000e-01
1.796875000000000000e-01,-2.928710937500000000e+00,3.354492187500000000e-01
-4.418945312500000000e-01,-3.013183593750000000e+00,5.732421875000000000e-01
-9.833984375000000000e-01,-2.758789062500000000e+00,3.320312500000000000e-02
-1.516601562500000000e+00,-2.506835937500000000e+00,9.277343750000000000e-03
-1.952636718750000000e+00,-2.063964843750000000e+00,8.105468750000000000e-02
-2.394531250000000000e+00,-1.577636718750000000e+00,-7.812500000000000000e-03
-2.813964843750000000e+00,-1.205078125000000000e+00,2.294921875000000000e-02
-3.206542968750000000e+00,-6.430664062500000000e-01,-2.163085937500000000e-01
-3.387207031250000000e+00,-5.175781250000000000e-02,-1.645507812500000000e-01
-3.650878906250000000e+00,4.750976562500000000e-01,-2.475585937500000000e-01
-3.770019531250000000e+00,1.065917968750000000e+00,-1.801757812500000000e-01
-3.815429687500000000e+00,1.608886718750000000e+00,4.760742187500000000e-01
-3.778808593750000000e+00,2.277832031250000000e+00,7.128906250000000000e-01
-3.569824218750000000e+00,2.822753906250000000e+00,5.131835937500000000e-01
-3.429199218750000000e+00,3.229003906250000000e+00,2.021484375000000000e-01
-3.173828125000000000e+00,3.719238281250000000e+00,-1.723632812500000000e-01
-2.823242187500000000e+00,4.121093750000000000e+00,-2.011718750000000000e-01
-2.502441406250000000e+00,4.456054687500000000e+00,-3.149414062500000000e-01
-2.083007812500000000e+00,4.706054687500000000e+00,-2.285156250000000000e-01
-1.528808593750000000e+00,4.941406250000000000e+00,5.224609375000000000e-02
-1.075195312500000000e+00,4.983398437500000000e+00,4.394531250000000000e-01
-4.643554687500000000e-01,4.950195312500000000e+00,1.787109375000000000e-01
4.736328125000000000e-02,4.952148437500000000e+00,-1.230468750000000000e-01
5.683593750000000000e-01,4.858398437500000000e+00,-8.789062500000000000e-03
1.065429687500000000e+00,4.645019531250000000e+00,1.914062500000000000e-01
1.553222656250000000e+00,4.364257812500000000e+00,1.406250000000000000e-01
2.074707031250000000e+00,3.884277343750000000e+00,-4.833984375000000000e-02
2.527832031250000000e+00,3.449218750000000000e+00,-1.376953125000000000e-01
2.971191406250000000e+00,2.954101562500000000e+00,-1.430664062500000000e-01
3.295898437500000000e+00,2.470214843750000000e+00,-1.757812500000000000e-01
3.518066406250000000e+00,1.958496093750000000e+00,-1.025390625000000000e-02
3.678710937500000000e+00,1.379394531250000000e+00,1.435546875000000000e-01
3.743652343750000000e+00,8.720703125000000000e-01,2.739257812500000000e-01
3.747070312500000000e+00,2.841796875000000000e-01,3.740234375000000000e-01
3.738769531250000000e+00,-3.764648437500000000e-01,2.553710937500000000e-01
3.594238281250000000e+00,-8.393554687500000000e-01,-6.835937500000000000e-03
3.422363281250000000e+00,-1.445312500000000000e+00,1.240234375000000000e-01
3.140136718750000000e+00,-1.893066406250000000e+00,-3.857421875000000000e-02
2.770996093750000000e+00,-2.361816406250000000e+00,-2.382812500000000000e-01
2.394042968750000000e+00,-2.688476562500000000e+00,-2.143554687500000000e-01
1.875976562500000000e+00,-2.743164062500000000e+00,-3.789062500000000000e-01
1.391601562500000000e+00,-2.932617187500000000e+00,-1.542968750000000000e-01
8.007812500000000000e-01,-3.009277343750000000e+00,1.352539062500000000e-01
2.763671875000000000e-01,-3.013183593750000000e+00,2.451171875000000000e-01
-1.899414062500000000e-01,-3.010253906250000000e+00,4.877929687500000000e-01
-7.724609375000000000e-01,-2.849609375000000000e+00,3.549804687500000000e-01
-1.369628906250000000e+00,-2.658203125000000000e+00,2.280273437500000000e-01
-1.819824218750000000e+00,-2.211425781250000000e+00,1.284179687500000000e-01
-2.309570312500000000e+00,-1.721191406250000000e+00,1.943359375000000000e-01
-2.701660156250000000e+00,-1.279296875000000000e+00,-7.812500000000000000e-02
-3.041503906250000000e+00,-8.125000000000000000e-01,-2.749023437500000000e-01
-3.352539062500000000e+00,-2.983398437500000000e-01,-1.816406250000000000e-01
-3.580566406250000000e+00,2.036132812500000000e-01,-2.651367187500000000e-01
-3.694824218750000000e+00,8.906250000000000000e-01,-3.310546875000000000e-01
-3.817871093750000000e+00,1.423828125000000000e+00,1.459960937500000000e-01
-3.820312500000000000e+00,2.108886718750000000e+00,4.692382812500000000e-01
-3.689453125000000000e+00,2.669921875000000000e+00,7.119140625000000000e-01
-3.521484375000000000e+00,3.095703125000000000e+00,3.608398437500000000e-01
-3.267089843750000000e+00,3.534179687500000000e+00,6.640625000000000000e-02
-2.908691406250000000e+00,4.041015625000000000e+00,-1.318359375000000000e-02
-2.665527343750000000e+00,4.281250000000000000e+00,1.132812500000000000e-01
-2.188476562500000000e+00,4.667968750000000000e+00,-3.413085937500000000e-01
-1.697265625000000000e+00,4.864257812500000000e+00,-2.846679687500000000e-01
-1.266601562500000000e+00,4.995605468750000000e+00,1.093750000000000000e-01
-6.875000000000000000e-01,4.991699218750000000e+00,-9.570312500000000000e-02
-1.904296875000000000e-01,4.911132812500000000e+00,6.738281250000000000e-02
3.837890625000000000e-01,4.930664062500000000e+00,-1.464843750000000000e-03
9.658203125000000000e-01,4.708984375000000000e+00,1.645507812500000000e-01
1.411621093750000000e+00,4.441894531250000000e+00,1.982421875000000000e-01
1.938476562500000000e+00,4.053710937500000000e+00,1.123046875000000000e-01
2.429687500000000000e+00,3.534179687500000000e+00,7.324218750000000000e-02
2.768066406250000000e+00,3.119140625000000000e+00,-6.005859375000000000e-02
3.221191406250000000e+00,2.654785156250000000e+00,-2.246093750000000000e-02
3.488281250000000000e+00,2.173828125000000000e+00,-6.542968750000000000e-02
3.659179687500000000e+00,1.532226562500000000e+00,-1.079101562500000000e-01
3.780761718750000000e+00,9.003906250000000000e-01,-6.250000000000000000e-02
3.793945312500000000e+00,4.453125000000000000e-01,3.271484375000000000e-02
3.806640625000000000e+00,-2.119140625000000000e-01,1.132812500000000000e-01
3.632812500000000000e+00,-7.890625000000000000e-01,3.745117187500000000e-01
3.419433593750000000e+00,-1.165527343750000000e+00,1.796875000000000000e-01
3.261718750000000000e+00,-1.772460937500000000e+00,2.392578125000000000e-01
2.915039062500000000e+00,-2.188964843750000000e+00,-1.894531250000000000e-01
2.474121093750000000e+00,-2.646484375000000000e+00,-3.242187500000000000e-01
2.055664062500000000e+00,-2.860839843750000000e+00,-3.100585937500000000e-01
1.535644531250000000e+00,-2.881835937500000000e+00,-1.855468750000000000e-01
1.020996093750000000e+00,-3.067871093750000000e+00,2.480468750000000000e-01
4.028320312500000000e-01,-2.980468750000000000e+00,4.980468750000000000e-02
-1.035156250000000000e-01,-3.037109375000000000e+00,9.863281250000000000e-02
-6.313476562500000000e-01,-2.922363281250000000e+00,3.764648437500000000e-01
-1.218261718750000000e+00,-2.651855468750000000e+00,1.401367187500000000e-01
-1.736328125000000000e+00,-2.414062500000000000e+00,3.764648437500000000e-01
-2.195800781250000000e+00,-1.784179687500000000e+00,1.318359375000000000e-01
-2.587402343750000000e+00,-1.442382812500000000e+00,5.761718750000000000e-02
-2.956054687500000000e+00,-9.458007812500000000e-01,-2.714843750000000000e-01
-3.272460937500000000e+00,-4.311523437500000000e-01,-3.432617187500000000e-01
-3.542968750000000000e+00,6.005859375000000000e-02,-1.562500000000000000e-02
-3.763671875000000000e+00,6.982421875000000000e-01,-8.398437500000000000e-02
-3.786621093750000000e+00,1.364257812500000000e+00,1.337890625000000000e-01
-3.779785156250000000e+00,1.895996093750000000e+00,1.562500000000000000e-01
-3.725097656250000000e+00,2.495605468750000000e+00,2.714843750000000000e-01
-3.528320312500000000e+00,2.930664062500000000e+00,3.691406250000000000e-01
-3.400878906250000000e+00,3.485351562500000000e+00,2.543945312500000000e-01
-3.020019531250000000e+00,3.969238281250000000e+00,1.909179687500000000e-01
-2.683593750000000000e+00,4.292968750000000000e+00,4.736328125000000000e-02
-2.342285156250000000e+00,4.540039062500000000e+00,-1.337890625000000000e-01
-1.803222656250000000e+00,4.767578125000000000e+00,-4.711914062500000000e-01
-1.328125000000000000e+00,4.976562500000000000e+00,-1.040039062500000000e-01
-8.754882812500000000e-01,4.996582031250000000e+00,1.254882812500000000e-01
-3.007812500000000000e-01,5.006347656250000000e+00,8.496093750000000000e-02
2.075195312500000000e-01,4.900390625000000000e+00,2.290039062500000000e-01
8.779296875000000000e-01,4.771972656250000000e+00,-1.015625000000000000e-01
1.364746093750000000e+00,4.482910156250000000e+00,-1.416015625000000000e-01
1.799316406250000000e+00,4.223632812500000000e+00,4.882812500000000000e-03
2.285156250000000000e+00,3.726562500000000000e+00,2.509765625000000000e-01
2.666992187500000000e+00,3.248535156250000000e+00,3.486328125000000000e-01
3.095214843750000000e+00,2.759277343750000000e+00,1.274414062500000000e-01
3.429687500000000000e+00,2.293945312500000000e+00,-8.349609375000000000e-02
3.601562500000000000e+00,1.691406250000000000e+00,-3.002929687500000000e-01
3.750488281250000000e+00,1.053710937500000000e+00,-1.142578125000000000e-01
3.803222656250000000e+00,5.541992187500000000e-01,-1.806640625000000000e-02
3.779296875000000000e+00,-2.050781250000000000e-02,1.147460937500000000e-01
3.723144531250000000e+00,-6.303710937500000000e-01,9.179687500000000000e-02
3.447265625000000000e+00,-1.078613281250000000e+00,2.666015625000000000e-01
3.269042968750000000e+00,-1.575683593750000000e+00,6.152343750000000000e-02
3.007812500000000000e+00,-2.031250000000000000e+00,-6.298828125000000000e-02
2.617187500000000000e+00,-2.446777343750000000e+00,-2.255859375000000000e-01
2.179687500000000000e+00,-2.816894531250000000e+00,-1.367187500000000000e-02
1.687011718750000000e+00,-2.827636718750000000e+00,8.837890625000000000e-02
1.179687500000000000e+00,-3.033203125000000000e+00,1.704101562500000000e-01
5.659179687500000000e-01,-3.063476562500000000e+00,2.294921875000000000e-02
4.394531250000000000e-02,-2.957031250000000000e+00,-1.962890625000000000e-01
-4.624023437500000000e-01,-2.880859375000000000e+00,2.773437500000000000e-01
-1.020996093750000000e+00,-2.701171875000000000e+00,9.960937500000000000e-02
-1.597656250000000000e+00,-2.520019531250000000e+00,2.656250000000000000e-01
-2.017578125000000000e+00,-2.001953125000000000e+00,2.768554687500000000e-01
-2.465332031250000000e+00,-1.523437500000000000e+00,1.748046875000000000e-01
-2.830078125000000000e+00,-1.104003906250000000e+00,-9.667968750000000000e-02
-3.196777343750000000e+00,-5.869140625000000000e-01,-3.613281250000000000e-01
-3.476562500000000000e+00,-1.318359375000000000e-02,-1.416015625000000000e-01
-3.697753906250000000e+00,5.458984375000000000e-01,5.615234375000000000e-02
-3.796875000000000000e+00,1.146972656250000000e+00,1.347656250000000000e-01
-3.776855468750000000e+00,1.732421875000000000e+00,9.179687500000000000e-02
-3.701660156250000000e+00,2.356933593750000000e+00,2.744140625000000000e-01
-3.550781250000000000e+00,2.817382812500000000e+00,3.979492187500000000e-01
-3.446289062500000000e+00,3.223144531250000000e+00,2.026367187500000000e-01
-3.135742187500000000e+00,3.798339843750000000e+00,-4.833984375000000000e-02
-2.853515625000000000e+00,4.267578125000000000e+00,1.933593750000000000e-01
-2.496582031250000000e+00,4.535156250000000000e+00,-5.175781250000000000e-02
-2.019531250000000000e+00,4.740722656250000000e+00,-3.017578125000000000e-01
-1.453125000000000000e+00,4.946777343750000000e+00,-8.984375000000000000e-02
-9.785156250000000000e-01,5.016113281250000000e+00,3.906250000000000000e-01
-4.428710937500000000e-01,4.962890625000000000e+00,2.446289062500000000e-01
7.373046875000000000e-02,4.911621093750000000e+00,-1.474609375000000000e-01
6.440429687500000000e-01,4.850585937500000000e+00,-1.352539062500000000e-01
1.191894531250000000e+00,4.607421875000000000e+00,-1.059570312500000000e-01
1.653320312500000000e+00,4.343750000000000000e+00,-8.105468750000000000e-02
2.132812500000000000e+00,3.898437500000000000e+00,1.123046875000000000e-01
2.556152343750000000e+00,3.380859375000000000e+00,4.565429687500000000e-01
2.982910156250000000e+00,2.911621093750000000e+00,2.553710937500000000e-01
3.339355468750000000e+00,2.394531250000000000e+00,5.810546875000000000e-02
3.624511718750000000e+00,1.962402343750000000e+00,-3.115234375000000000e-01
3.761718750000000000e+00,1.278808593750000000e+00,-2.910156250000000000e-01
3.727539062500000000e+00,7.368164062500000000e-01,1.694335937500000000e-01
3.790039062500000000e+00,2.929687500000000000e-01,2.978515625000000000e-01
3.742675781250000000e+00,-4.472656250000000000e-01,4.052734375000000000e-01
3.547363281250000000e+00,-9.819335937500000000e-01,1.904296875000000000e-02
3.373535156250000000e+00,-1.507812500000000000e+00,-1.074218750000000000e-01
3.114257812500000000e+00,-1.918457031250000000e+00,-2.587890625000000000e-01
2.747070312500000000e+00,-2.372558593750000000e+00,-2.207031250000000000e-01
2.352539062500000000e+00,-2.683105468750000000e+00,-4.443359375000000000e-02
1.795898437500000000e+00,-2.844238281250000000e+00,1.064453125000000000e-01
1.332031250000000000e+00,-2.932128906250000000e+00,1.137695312500000000e-01
7.680664062500000000e-01,-3.083007812500000000e+00,7.617187500000000000e-02
1.831054687500000000e-01,-3.052734375000000000e+00,-6.494140625000000000e-02
-2.690429687500000000e-01,-2.949218750000000000e+00,1.142578125000000000e-01
-8.466796875000000000e-01,-2.695312500000000000e+00,4.677734375000000000e-01
-1.493652343750000000e+00,-2.573730468750000000e+00,5.571289062500000000e-01
-1.919433593750000000e+00,-2.158203125000000000e+00,2.446289062500000000e-01
-2.315429687500000000e+00,-1.629394531250000000e+00,-2.832031250000000000e-02
-2.708007812500000000e+00,-1.257812500000000000e+00,-3.710937500000000000e-01
-3.129882812500000000e+00,-7.539062500000000000e-01,-4.785156250000000000e-01
-3.444335937500000000e+00,-1.582031250000000000e-01,-1.435546875000000000e-01
-3.665039062500000000e+00,4.042968750000000000e-01,2.050781250000000000e-01
-3.752441406250000000e+00,1.018554687500000000e+00,2.436523437500000000e-01
-3.810546875000000000e+00,1.575683593750000000e+00,1.948242187500000000e-01
-3.761230468750000000e+00,2.183105468750000000e+00,1.538085937500000000e-01
-3.604980468750000000e+00,2.741210937500000000e+00,3.144531250000000000e-01
-3.470703125000000000e+00,3.161621093750000000e+00,2.182617187500000000e-01
-3.258789062500000000e+00,3.645507812500000000e+00,8.593750000000000000e-02
-2.892089843750000000e+00,4.194335937500000000e+00,9.619140625000000000e-02
-2.592773437500000000e+00,4.478027343750000000e+00,1.059570312500000000e-01
-2.126464843750000000e+00,4.755859375000000000e+00,-1.694335937500000000e-01
-1.616699218750000000e+00,4.919433593750000000e+00,-2.314453125000000000e-01
-1.113769531250000000e+00,5.046386718750000000e+00,1.870117187500000000e-01
-5.717773437500000000e-01,4.966308593750000000e+00,3.544921875000000000e-01
-7.666015625000000000e-02,4.973144531250000000e+00,3.808593750000000000e-02
5.488281250000000000e-01,4.916992187500000000e+00,-3.061523437500000000e-01
1.094238281250000000e+00,4.698730468750000000e+00,-1.318359375000000000e-01
1.551757812500000000e+00,4.417968750000000000e+00,1.660156250000000000e-01
2.010742187500000000e+00,4.073242187500000000e+00,1.650390625000000000e-01
2.527343750000000000e+00,3.551269531250000000e+00,1.718750000000000000e-01
2.894042968750000000e+00,3.015625000000000000e+00,9.619140625000000000e-02
3.261718750000000000e+00,2.470703125000000000e+00,4.248046875000000000e-02
3.527343750000000000e+00,2.049316406250000000e+00,1.416015625000000000e-02
3.727050781250000000e+00,1.489257812500000000e+00,-2.822265625000000000e-01
3.795410156250000000e+00,8.530273437500000000e-01,1.269531250000000000e-01
3.757812500000000000e+00,4.604492187500000000e-01,3.793945312500000000e-01
3.762695312500000000e+00,-2.548828125000000000e-01,4.008789062500000000e-01
3.603515625000000000e+00,-8.247070312500000000e-01,1.035156250000000000e-01
3.426269531250000000e+00,-1.407714843750000000e+00,-2.202148437500000000e-01
3.170410156250000000e+00,-1.886230468750000000e+00,-1.708984375000000000e-01
2.848144531250000000e+00,-2.198242187500000000e+00,-3.286132812500000000e-01
2.441894531250000000e+00,-2.673828125000000000e+00,1.367187500000000000e-01
1.921875000000000000e+00,-2.766601562500000000e+00,-2.050781250000000000e-02
1.468750000000000000e+00,-2.867187500000000000e+00,-4.882812500000000000e-03
9.589843750000000000e-01,-3.016113281250000000e+00,4.687500000000000000e-02
2.924804687500000000e-01,-3.070312500000000000e+00,1.577148437500000000e-01
-1.484375000000000000e-01,-2.991210937500000000e+00,3.139648437500000000e-01
-7.695312500000000000e-01,-2.794433593750000000e+00,3.793945312500000000e-01
-1.285644531250000000e+00,-2.587890625000000000e+00,2.573242187500000000e-01
-1.789062500000000000e+00,-2.271972656250000000e+00,1.821289062500000000e-01
-2.234863281250000000e+00,-1.733886718750000000e+00,1.220703125000000000e-02
-2.619140625000000000e+00,-1.381835937500000000e+00,-9.570312500000000000e-02
-3.000488281250000000e+00,-8.193359375000000000e-01,-3.647460937500000000e-01
-3.331054687500000000e+00,-2.954101562500000000e-01,-2.133789062500000000e-01
-3.584960937500000000e+00,2.519531250000000000e-01,1.381835937500000000e-01
-3.677734375000000000e+00,8.457031250000000000e-01,-4.394531250000000000e-02
-3.832519531250000000e+00,1.351074218750000000e+00,3.564453125000000000e-01
-3.745605468750000000e+00,2.112792968750000000e+00,1.542968750000000000e-01
-3.667480468750000000e+00,2.627441406250000000e+00,5.625000000000000000e-01
-3.510742187500000000e+00,3.076660156250000000e+00,3.203125000000000000e-01
-3.286621093750000000e+00,3.488769531250000000e+00,-6.347656250000000000e-03
-2.977539062500000000e+00,3.980468750000000000e+00,-1.088867187500000000e-01
-2.632812500000000000e+00,4.386230468750000000e+00,-1.987304687500000000e-01
-2.250976562500000000e+00,4.654296875000000000e+00,6.787109375000000000e-02
-1.791503906250000000e+00,4.839843750000000000e+00,-6.152343750000000000e-02
-1.277343750000000000e+00,5.020019531250000000e+00,3.657226562500000000e-01
-6.909179687500000000e-01,5.016113281250000000e+00,3.291015625000000000e-01
-2.573242187500000000e-01,4.958007812500000000e+00,1.567382812500000000e-01
3.818359375000000000e-01,4.944824218750000000e+00,-5.068359375000000000e-01
8.955078125000000000e-01,4.717773437500000000e+00,-2.802734375000000000e-01
1.402343750000000000e+00,4.457519531250000000e+00,1.040039062500000000e-01
1.899414062500000000e+00,4.140136718750000000e+00,2.705078125000000000e-01
2.359375000000000000e+00,3.717773437500000000e+00,2.441406250000000000e-01
2.801269531250000000e+00,3.170410156250000000e+00,-3.955078125000000000e-02
3.163574218750000000e+00,2.706542968750000000e+00,-8.789062500000000000e-02
3.432128906250000000e+00,2.163574218750000000e+00,2.578125000000000000e-01
3.627441406250000000e+00,1.683105468750000000e+00,1.650390625000000000e-01
3.757324218750000000e+00,1.054687500000000000e+00,-1.611328125000000000e-02
3.738769531250000000e+00,5.844726562500000000e-01,2.998046875000000000e-01
3.839843750000000000e+00,-3.369140625000000000e-02,1.308593750000000000e-01
3.643066406250000000e+00,-7.500000000000000000e-01,2.568359375000000000e-01
3.522460937500000000e+00,-1.282226562500000000e+00,-3.969726562500000000e-01
3.263183593750000000e+00,-1.748535156250000000e+00,-3.095703125000000000e-01
2.937988281250000000e+00,-2.115234375000000000e+00,-4.736328125000000000e-02
2.546386718750000000e+00,-2.503417968750000000e+00,1.323242187500000000e-01
2.089355468750000000e+00,-2.790039062500000000e+00,2.441406250000000000e-03
1.545898437500000000e+00,-2.859863281250000000e+00,-1.259765625000000000e-01
1.082519531250000000e+00,-2.898925781250000000e+00,2.026367187500000000e-01
5.141601562500000000e-01,-3.048828125000000000e+00,2.812500000000000000e-01
-5.126953125000000000e-02,-3.019531250000000000e+00,1.958007812500000000e-01
-5.371093750000000000e-01,-2.937500000000000000e+00,3.300781250000000000e-01
-1.106933593750000000e+00,-2.597167968750000000e+00,2.197265625000000000e-01
-1.658691406250000000e+00,-2.479003906250000000e+00,6.640625000000000000e-02
-2.106445312500000000e+00,-1.915527343750000000e+00,-3.168945312500000000e-01
-2.503906250000000000e+00,-1.503906250000000000e+00,-8.886718750000000000e-02
-2.951171875000000000e+00,-9.858398437500000000e-01,2.377929687500000000e-01
-3.239746093750000000e+00,-4.536132812500000000e-01,-9.326171875000000000e-02
-3.526855468750000000e+00,7.617187500000000000e-02,-4.833984375000000000e-02
-3.715332031250000000e+00,6.210937500000000000e-01,1.059570312500000000e-01
-3.758789062500000000e+00,1.255859375000000000e+00,2.519531250000000000e-01
-3.815429687500000000e+00,1.800781250000000000e+00,1.020507812500000000e-01
-3.722656250000000000e+00,2.409667968750000000e+00,1.547851562500000000e-01
-3.567382812500000000e+00,3.021484375000000000e+00,4.248046875000000000e-01
-3.374511718750000000e+00,3.452636718750000000e+00,1.313476562500000000e-01
-3.141113281250000000e+00,3.800292968750000000e+00,-8.447265625000000000e-02
-2.714843750000000000e+00,4.259277343750000000e+00,-2.197265625000000000e-01
-2.392578125000000000e+00,4.607910156250000000e+00,8.642578125000000000e-02
-1.926269531250000000e+00,4.849609375000000000e+00,1.582031250000000000e-01
-1.431152343750000000e+00,4.975097656250000000e+00,7.031250000000000000e-02
-8.603515625000000000e-01,5.008300781250000000e+00,2.573242187500000000e-01
-3.339843750000000000e-01,5.041992187500000000e+00,2.226562500000000000e-01
2.290039062500000000e-01,4.922363281250000000e+00,-1.538085937500000000e-01
7.275390625000000000e-01,4.797363281250000000e+00,-3.481445312500000000e-01
1.282714843750000000e+00,4.505371093750000000e+00,5.175781250000000000e-02
1.788574218750000000e+00,4.283691406250000000e+00,1.870117187500000000e-01
2.221191406250000000e+00,3.755859375000000000e+00,-5.859375000000000000e-03
2.704101562500000000e+00,3.238281250000000000e+00,-2.133789062500000000e-01
3.108398437500000000e+00,2.761230468750000000e+00,-2.241210937500000000e-01
3.430664062500000000e+00,2.360839843750000000e+00,-4.882812500000000000e-04
3.578125000000000000e+00,1.887207031250000000e+00,2.900390625000000000e-01
3.746582031250000000e+00,1.222656250000000000e+00,1.518554687500000000e-01
3.725585937500000000e+00,6.289062500000000000e-01,6.103515625000000000e-01
3.785644531250000000e+00,9.716796875000000000e-02,3.041992187500000000e-01
3.728515625000000000e+00,-5.737304687500000000e-01,8.007812500000000000e-02
3.573242187500000000e+00,-1.127441406250000000e+00,-4.008789062500000000e-01
3.319335937500000000e+00,-1.636718750000000000e+00,-9.814453125000000000e-02
3.041503906250000000e+00,-1.983886718750000000e+00,-4.687500000000000000e-02
2.685546875000000000e+00,-2.397460937500000000e+00,-1.728515625000000000e-01
2.224609375000000000e+00,-2.806640625000000000e+00,-2.138671875000000000e-01
1.667968750000000000e+00,-2.871093750000000000e+00,-2.617187500000000000e-01
1.188964843750000000e+00,-2.933593750000000000e+00,2.490234375000000000e-01
7.001953125000000000e-01,-3.026855468750000000e+00,1.757812500000000000e-01
3.564453125000000000e-02,-3.096679687500000000e+00,3.447265625000000000e-01
-4.345703125000000000e-01,-2.962402343750000000e+00,5.161132812500000000e-01
-1.009277343750000000e+00,-2.654296875000000000e+00,6.005859375000000000e-01
-1.509277343750000000e+00,-2.515625000000000000e+00,1.171875000000000000e-02
-1.980468750000000000e+00,-2.101562500000000000e+00,-4.570312500000000000e-01
-2.422851562500000000e+00,-1.561523437500000000e+00,-3.017578125000000000e-01
-2.856933593750000000e+00,-1.134277343750000000e+00,1.767578125000000000e-01
-3.193359375000000000e+00,-6.665039062500000000e-01,-1.049804687500000000e-01
-3.424316406250000000e+00,-9.277343750000000000e-02,-2.880859375000000000e-01
-3.674316406250000000e+00,4.956054687500000000e-01,7.568359375000000000e-02
-3.716796875000000000e+00,1.129394531250000000e+00,1.860351562500000000e-01
-3.832031250000000000e+00,1.661132812500000000e+00,2.587890625000000000e-01
-3.759765625000000000e+00,2.273925781250000000e+00,1.333007812500000000e-01
-3.642089843750000000e+00,2.832519531250000000e+00,7.504882812500000000e-01
-3.394531250000000000e+00,3.319824218750000000e+00,3.833007812500000000e-01
-3.170898437500000000e+00,3.633300781250000000e+00,-1.459960937500000000e-01
-2.788574218750000000e+00,4.099609375000000000e+00,-4.350585937500000000e-01
-2.457031250000000000e+00,4.474121093750000000e+00,-1.923828125000000000e-01
-2.050292968750000000e+00,4.727539062500000000e+00,3.125000000000000000e-02
-1.577148437500000000e+00,4.922363281250000000e+00,-2.924804687500000000e-01
-1.021484375000000000e+00,5.001464843750000000e+00,1.459960937500000000e-01
-4.438476562500000000e-01,5.034667968750000000e+00,2.192382812500000000e-01
2.929687500000000000e-02,4.885253906250000000e+00,2.729492187500000000e-01
6.201171875000000000e-01,4.817871093750000000e+00,-1.303710937500000000e-01
1.101562500000000000e+00,4.580566406250000000e+00,2.099609375000000000e-02
1.629394531250000000e+00,4.307617187500000000e+00,1.562500000000000000e-01
2.067871093750000000e+00,3.910156250000000000e+00,1.762695312500000000e-01
2.578613281250000000e+00,3.391601562500000000e+00,-9.521484375000000000e-02
2.946289062500000000e+00,2.872558593750000000e+00,-2.709960937500000000e-01
3.302734375000000000e+00,2.495605468750000000e+00,-6.640625000000000000e-02
3.533203125000000000e+00,2.002929687500000000e+00,2.543945312500000000e-01
3.668457031250000000e+00,1.409179687500000000e+00,-1.386718750000000000e-01
3.742187500000000000e+00,7.451171875000000000e-01,2.294921875000000000e-02
3.749023437500000000e+00,1.899414062500000000e-01,4.702148437500000000e-01
3.793457031250000000e+00,-3.188476562500000000e-01,2.124023437500000000e-01
3.590820312500000000e+00,-1.061035156250000000e+00,-9.472656250000000000e-02
3.361328125000000000e+00,-1.481445312500000000e+00,-1.499023437500000000e-01
3.080078125000000000e+00,-1.830078125000000000e+00,8.398437500000000000e-02
2.809082031250000000e+00,-2.223632812500000000e+00,-2.197265625000000000e-02
2.353027343750000000e+00,-2.664550781250000000e+00,-1.723632812500000000e-01
1.905273437500000000e+00,-2.899902343750000000e+00,-4.326171875000000000e-01
1.327636718750000000e+00,-2.914550781250000000e+00,4.687500000000000000e-02
8.125000000000000000e-01,-2.995117187500000000e+00,4.550781250000000000e-01
2.421875000000000000e-01,-3.078125000000000000e+00,2.153320312500000000e-01
-2.973632812500000000e-01,-3.008789062500000000e+00,-1.254882812500000000e-01
-7.578125000000000000e-01,-2.770019531250000000e+00,3.999023437500000000e-01
-1.378417968750000000e+00,-2.540527343750000000e+00,4.218750000000000000e-01
-1.871582031250000000e+00,-2.229492187500000000e+00,-8.789062500000000000e-03
-2.299316406250000000e+00,-1.758300781250000000e+00,-1.025390625000000000e-02
-2.684570312500000000e+00,-1.213378906250000000e+00,-4.882812500000000000e-04
-3.089843750000000000e+00,-8.618164062500000000e-01,-1.308593750000000000e-01
-3.394531250000000000e+00,-3.857421875000000000e-01,-3.486328125000000000e-01
-3.606933593750000000e+00,2.714843750000000000e-01,-2.241210937500000000e-01
-3.666503906250000000e+00,9.418945312500000000e-01,-1.176757812500000000e-01
-3.835449218750000000e+00,1.547851562500000000e+00,3.920898437500000000e-01
-3.823730468750000000e+00,2.039062500000000000e+00,6.015625000000000000e-01
-3.657226562500000000e+00,2.704101562500000000e+00,4.189453125000000000e-01
-3.455566406250000000e+00,3.156250000000000000e+00,3.398437500000000000e-01
-3.253417968750000000e+00,3.518066406250000000e+00,-7.666015625000000000e-02
-2.969726562500000000e+00,3.913085937500000000e+00,-4.521484375000000000e-01
-2.606445312500000000e+00,4.383300781250000000e+00,-9.814453125000000000e-02
-2.221679687500000000e+00,4.653320312500000000e+00,2.402343750000000000e-01
-1.702148437500000000e+00,4.939453125000000000e+00,-2.080078125000000000e-01
-1.187500000000000000e+00,5.019042968750000000e+00,1.220703125000000000e-02
-6.645507812500000000e-01,5.013183593750000000e+00,1.352539062500000000e-01
-1.523437500000000000e-01,4.905273437500000000e+00,1.508789062500000000e-01
4.096679687500000000e-01,4.851562500000000000e+00,-1.420898437500000000e-01
9.311523437500000000e-01,4.696777343750000000e+00,1.953125000000000000e-03
1.470214843750000000e+00,4.405273437500000000e+00,1.679687500000000000e-01
1.946289062500000000e+00,4.115722656250000000e+00,1.025390625000000000e-01
2.375976562500000000e+00,3.581054687500000000e+00,1.982421875000000000e-01
2.872070312500000000e+00,3.134765625000000000e+00,-7.763671875000000000e-02
3.227050781250000000e+00,2.584472656250000000e+00,-2.314453125000000000e-01
3.464843750000000000e+00,2.083496093750000000e+00,-1.157226562500000000e-01
3.653808593750000000e+00,1.539062500000000000e+00,1.201171875000000000e-01
3.809570312500000000e+00,9.628906250000000000e-01,4.443359375000000000e-02
3.732910156250000000e+00,3.593750000000000000e-01,2.968750000000000000e-01
3.769042968750000000e+00,-1.450195312500000000e-01,2.773437500000000000e-01
3.665039062500000000e+00,-7.666015625000000000e-01,9.765625000000000000e-03
3.442871093750000000e+00,-1.310058593750000000e+00,-2.050781250000000000e-02
3.217773437500000000e+00,-1.804199218750000000e+00,3.564453125000000000e-02
2.924804687500000000e+00,-2.136230468750000000e+00,-2.709960937500000000e-01
2.520019531250000000e+00,-2.561523437500000000e+00,-1.845703125000000000e-01
2.038574218750000000e+00,-2.907226562500000000e+00,1.367187500000000000e-01
1.457031250000000000e+00,-2.979492187500000000e+00,-1.728515625000000000e-01
9.824218750000000000e-01,-3.020019531250000000e+00,-6.542968750000000000e-02
4.702148437500000000e-01,-3.017578125000000000e+00,-4.394531250000000000e-02
-2.241210937500000000e-01,-3.062011718750000000e+00,2.685546875000000000e-01
-6.284179687500000000e-01,-2.820312500000000000e+00,3.349609375000000000e-01
-1.175781250000000000e+00,-2.642578125000000000e+00,4.536132812500000000e-01
-1.731445312500000000e+00,-2.383789062500000000e+00,1.767578125000000000e-01
-2.170898437500000000e+00,-1.899414062500000000e+00,1.074218750000000000e-02
-2.639160156250000000e+00,-1.354492187500000000e+00,1.464843750000000000e-03
-3.001464843750000000e+00,-9.516601562500000000e-01,-2.006835937500000000e-01
-3.280761718750000000e+00,-3.989257812500000000e-01,-2.080078125000000000e-01
-3.587890625000000000e+00,1.601562500000000000e-01,-6.152343750000000000e-02
-3.772460937500000000e+00,6.972656250000000000e-01,1.606445312500000000e-01
-3.738769531250000000e+00,1.355468750000000000e+00,-1.733398437500000000e-01
-3.813964843750000000e+00,1.883789062500000000e+00,-3.173828125000000000e-02
-3.683105468750000000e+00,2.504394531250000000e+00,2.285156250000000000e-01
-3.537109375000000000e+00,3.078613281250000000e+00,6.796875000000000000e-01
-3.371093750000000000e+00,3.484375000000000000e+00,5.190429687500000000e-01
-3.048339843750000000e+00,3.893554687500000000e+00,-4.248046875000000000e-02
-2.701660156250000000e+00,4.347167968750000000e+00,-2.670898437500000000e-01
-2.275878906250000000e+00,4.541503906250000000e+00,-4.248046875000000000e-02
-1.820800781250000000e+00,4.851562500000000000e+00,-1.894531250000000000e-01
-1.366210937500000000e+00,4.938476562500000000e+00,-1.708984375000000000e-02
-8.037109375000000000e-01,5.103515625000000000e+00,1.093750000000000000e-01
-2.172851562500000000e-01,4.983398437500000000e+00,2.324218750000000000e-01
2.314453125000000000e-01,4.849609375000000000e+00,-7.470703125000000000e-02
8.569335937500000000e-01,4.711914062500000000e+00,-4.858398437500000000e-01
1.381347656250000000e+00,4.511718750000000000e+00,-1.958007812500000000e-01
1.828613281250000000e+00,4.205566406250000000e+00,3.066406250000000000e-01
2.267578125000000000e+00,3.765136718750000000e+00,6.464843750000000000e-01
2.739257812500000000e+00,3.274414062500000000e+00,4.003906250000000000e-01
3.111816406250000000e+00,2.718750000000000000e+00,-2.929687500000000000e-02
3.461914062500000000e+00,2.187988281250000000e+00,-2.812500000000000000e-01
3.626464843750000000e+00,1.717285156250000000e+00,-3.408203125000000000e-01
3.745605468750000000e+00,1.056640625000000000e+00,-2.470703125000000000e-01
3.778320312500000000e+00,4.873046875000000000e-01,1.811523437500000000e-01
3.738769531250000000e+00,-1.269531250000000000e-02,4.702148437500000000e-01
3.728515625000000000e+00,-6.411132812500000000e-01,2.631835937500000000e-01
3.499023437500000000e+00,-1.145507812500000000e+00,-2.236328125000000000e-01
3.250488281250000000e+00,-1.680664062500000000e+00,-1.108398437500000000e-01
3.001464843750000000e+00,-2.041992187500000000e+00,-6.152343750000000000e-02
2.616210937500000000e+00,-2.416015625000000000e+00,-2.539062500000000000e-02
2.139648437500000000e+00,-2.749511718750000000e+00,1.191406250000000000e-01
1.651855468750000000e+00,-2.930664062500000000e+00,8.886718750000000000e-02
1.084472656250000000e+00,-2.999023437500000000e+00,-1.523437500000000000e-01
6.123046875000000000e-01,-3.112792968750000000e+00,-1.157226562500000000e-01
2.050781250000000000e-02,-2.991699218750000000e+00,3.955078125000000000e-02
-4.868164062500000000e-01,-2.853515625000000000e+00,2.861328125000000000e-01
-1.081054687500000000e+00,-2.605957031250000000e+00,6.621093750000000000e-01
-1.592285156250000000e+00,-2.363769531250000000e+00,2.236328125000000000e-01
-2.087402343750000000e+00,-2.088867187500000000e+00,-5.371093750000000000e-02
-2.476074218750000000e+00,-1.542480468750000000e+00,-1.655273437500000000e-01
-2.820312500000000000e+00,-1.084960937500000000e+00,-1.728515625000000000e-01
-3.250488281250000000e+00,-5.629882812500000000e-01,-1.669921875000000000e-01
-3.484863281250000000e+00,2.832031250000000000e-02,8.300781250000000000e-02
-3.694824218750000000e+00,6.474609375000000000e-01,3.325195312500000000e-01
-3.722167968750000000e+00,1.234375000000000000e+00,-4.052734375000000000e-02
-3.780273437500000000e+00,1.698242187500000000e+00,1.953125000000000000e-03
-3.729980468750000000e+00,2.290527343750000000e+00,-3.125000000000000000e-02
-3.596191406250000000e+00,2.905273437500000000e+00,5.034179687500000000e-01
-3.398925781250000000e+00,3.441406250000000000e+00,6.132812500000000000e-01
-3.152832031250000000e+00,3.775390625000000000e+00,7.128906250000000000e-02
-2.802246093750000000e+00,4.160644531250000000e+00,-3.437500000000000000e-01
-2.411621093750000000e+00,4.549804687500000000e+00,-2.797851562500000000e-01
-2.009277343750000000e+00,4.788574218750000000e+00,8.349609375000000000e-02
-1.500976562500000000e+00,4.963378906250000000e+00,4.248046875000000000e-02
-9.790039062500000000e-01,5.082519531250000000e+00,3.984375000000000000e-01
-3.984375000000000000e-01,5.027832031250000000e+00,2.114257812500000000e-01
1.113281250000000000e-01,4.882812500000000000e+00,1.318359375000000000e-02
7.065429687500000000e-01,4.793945312500000000e+00,-4.204101562500000000e-01
1.168457031250000000e+00,4.587402343750000000e+00,-2.226562500000000000e-01
1.713378906250000000e+00,4.322265625000000000e+00,1.445312500000000000e-01
2.155273437500000000e+00,3.968750000000000000e+00,4.516601562500000000e-01
2.590332031250000000e+00,3.466796875000000000e+00,2.636718750000000000e-01
2.999511718750000000e+00,2.809082031250000000e+00,1.396484375000000000e-01
3.405761718750000000e+00,2.374511718750000000e+00,-3.432617187500000000e-01
3.618164062500000000e+00,1.827148437500000000e+00,-3.417968750000000000e-01
3.710449218750000000e+00,1.334960937500000000e+00,-9.667968750000000000e-02
3.783691406250000000e+00,7.480468750000000000e-01,4.565429687500000000e-01
3.754394531250000000e+00,2.163085937500000000e-01,6.269531250000000000e-01
3.733398437500000000e+00,-4.570312500000000000e-01,2.246093750000000000e-01
3.577636718750000000e+00,-1.014160156250000000e+00,-2.597656250000000000e-01
3.386230468750000000e+00,-1.554199218750000000e+00,-3.764648437500000000e-01
3.056152343750000000e+00,-1.945312500000000000e+00,4.638671875000000000e-02
2.741699218750000000e+00,-2.310546875000000000e+00,-1.171875000000000000e-02
2.299316406250000000e+00,-2.681640625000000000e+00,1.044921875000000000e-01
1.832031250000000000e+00,-2.834960937500000000e+00,5.566406250000000000e-02
1.278320312500000000e+00,-3.005859375000000000e+00,-1.967773437500000000e-01
7.338867187500000000e-01,-3.116699218750000000e+00,-1.762695312500000000e-01
1.987304687500000000e-01,-3.049316406250000000e+00,4.394531250000000000e-02
-3.837890625000000000e-01,-2.920898437500000000e+00,5.239257812500000000e-01
-8.876953125000000000e-01,-2.682617187500000000e+00,5.073242187500000000e-01
-1.430664062500000000e+00,-2.488281250000000000e+00,4.301757812500000000e-01
-1.947753906250000000e+00,-2.129394531250000000e+00,6.298828125000000000e-02
-2.350585937500000000e+00,-1.700683593750000000e+00,-2.773437500000000000e-01
-2.756835937500000000e+00,-1.235839843750000000e+00,-2.719726562500000000e-01
-3.194824218750000000e+00,-7.041015625000000000e-01,1.464843750000000000e-03
-3.417480468750000000e+00,-1.196289062500000000e-01,1.123046875000000000e-01
-3.642089843750000000e+00,4.804687500000000000e-01,9.667968750000000000e-02
-3.769042968750000000e+00,1.027343750000000000e+00,1.015625000000000000e-01
-3.766601562500000000e+00,1.631835937500000000e+00,-1.230468750000000000e-01
-3.771484375000000000e+00,2.189941406250000000e+00,-3.759765625000000000e-02
-3.666992187500000000e+00,2.731933593750000000e+00,4.697265625000000000e-01
-3.456054687500000000e+00,3.304199218750000000e+00,4.990234375000000000e-01
-3.218750000000000000e+00,3.684082031250000000e+00,1.757812500000000000e-01
-2.891601562500000000e+00,4.076171875000000000e+00,-2.324218750000000000e-01
-2.511230468750000000e+00,4.513183593750000000e+00,-1.513671875000000000e-01
-2.104980468750000000e+00,4.779296875000000000e+00,1.425781250000000000e-01
-1.609863281250000000e+00,5.026367187500000000e+00,1.372070312500000000e-01
-1.107910156250000000e+00,5.009277343750000000e+00,3.818359375000000000e-01
-5.541992187500000000e-01,5.035156250000000000e+00,1.997070312500000000e-01
2.685546875000000000e-02,4.989746093750000000e+00,-1.064453125000000000e-01
5.668945312500000000e-01,4.799804687500000000e+00,-5.004882812500000000e-01
1.087402343750000000e+00,4.611816406250000000e+00,-3.745117187500000000e-01
1.582519531250000000e+00,4.314453125000000000e+00,-2.929687500000000000e-03
2.066894531250000000e+00,4.068359375000000000e+00,5.766601562500000000e-01
2.510253906250000000e+00,3.628906250000000000e+00,4.492187500000000000e-01
2.964355468750000000e+00,3.037597656250000000e+00,-1.894531250000000000e-01
3.265625000000000000e+00,2.388671875000000000e+00,-1.577148437500000000e-01
3.556152343750000000e+00,1.968750000000000000e+00,-7.568359375000000000e-02
3.710937500000000000e+00,1.452148437500000000e+00,1.430664062500000000e-01
3.729003906250000000e+00,8.745117187500000000e-01,3.798828125000000000e-01
3.785156250000000000e+00,4.130859375000000000e-01,4.165039062500000000e-01
3.782226562500000000e+00,-2.260742187500000000e-01,2.470703125000000000e-01
3.617675781250000000e+00,-9.194335937500000000e-01,-1.274414062500000000e-01
3.423339843750000000e+00,-1.524902343750000000e+00,-5.268554687500000000e-01
3.166015625000000000e+00,-1.929687500000000000e+00,-3.125000000000000000e-01
2.789550781250000000e+00,-2.170410156250000000e+00,-3.857421875000000000e-02
2.389648437500000000e+00,-2.575195312500000000e+00,3.178710937500000000e-01
1.862792968750000000e+00,-2.824707031250000000e+00,1.909179687500000000e-01
1.421386718750000000e+00,-2.937500000000000000e+00,-1.303710937500000000e-01
9.223632812500000000e-01,-3.034179687500000000e+00,-9.033203125000000000e-02
3.178710937500000000e-01,-3.028320312500000000e+00,3.618164062500000000e-01
-2.387695312500000000e-01,-2.970214843750000000e+00,3.935546875000000000e-01
-8.090820312500000000e-01,-2.808593750000000000e+00,4.262695312500000000e-01
-1.313964843750000000e+00,-2.517578125000000000e+00,2.397460937500000000e-01
-1.768554687500000000e+00,-2.256347656250000000e+00,-1.757812500000000000e-01
-2.250000000000000000e+00,-1.836914062500000000e+00,-3.349609375000000000e-01
-2.671386718750000000e+00,-1.317871093750000000e+00,-2.670898437500000000e-01
-3.050781250000000000e+00,-7.553710937500000000e-01,1.557617187500000000e-01
-3.401855468750000000e+00,-2.524414062500000000e-01,2.998046875000000000e-01
-3.546875000000000000e+00,3.256835937500000000e-01,4.882812500000000000e-04
-3.713867187500000000e+00,7.988281250000000000e-01,-1.552734375000000000e-01
-3.750000000000000000e+00,1.458984375000000000e+00,8.007812500000000000e-02
-3.757812500000000000e+00,2.036621093750000000e+00,2.680664062500000000e-01
-3.697265625000000000e+00,2.624511718750000000e+00,4.858398437500000000e-01
-3.497558593750000000e+00,3.176269531250000000e+00,4.282226562500000000e-01
-3.263671875000000000e+00,3.581054687500000000e+00,1.430664062500000000e-01
-2.978515625000000000e+00,3.962890625000000000e+00,-3.110351562500000000e-01
-2.575195312500000000e+00,4.323242187500000000e+00,-5.322265625000000000e-01
-2.217285156250000000e+00,4.608398437500000000e+00,-8.007812500000000000e-02
-1.791015625000000000e+00,4.930664062500000000e+00,3.486328125000000000e-01
-1.227539062500000000e+00,5.039062500000000000e+00,4.653320312500000000e-01
-7.153320312500000000e-01,4.993652343750000000e+00,3.144531250000000000e-01
-1.186523437500000000e-01,5.013671875000000000e+00,-1.450195312500000000e-01
3.891601562500000000e-01,4.878417968750000000e+00,-1.538085937500000000e-01
8.764648437500000000e-01,4.772460937500000000e+00,-1.738281250000000000e-01
1.408203125000000000e+00,4.394042968750000000e+00,-1.904296875000000000e-02
1.936035156250000000e+00,4.087890625000000000e+00,1.972656250000000000e-01
2.359863281250000000e+00,3.715820312500000000e+00,3.994140625000000000e-01
2.880859375000000000e+00,3.209472656250000000e+00,-1.376953125000000000e-01
3.166992187500000000e+00,2.581054687500000000e+00,-4.194335937500000000e-01
3.436035156250000000e+00,2.124511718750000000e+00,-1.655273437500000000e-01
3.667968750000000000e+00,1.634277343750000000e+00,2.797851562500000000e-01
3.703125000000000000e+00,1.069824218750000000e+00,4.990234375000000000e-01
